                  epoch,         train/box_loss,         train/cls_loss,         train/dfl_loss,   metrics/precision(B),      metrics/recall(B),       metrics/mAP50(B),    metrics/mAP50-95(B),           val/box_loss,           val/cls_loss,           val/dfl_loss,                 lr/pg0,                 lr/pg1,                 lr/pg2
                      1,                 1.9471,                 4.7976,                 1.4198,                      0,                      0,                      0,                      0,                  1.736,                    inf,                  1.422,              2.858e-05,              2.858e-05,              2.858e-05
                      2,                 1.9923,                 4.8162,                 1.4409,                0.10161,                0.10724,                0.06487,                0.05828,                  1.236,                    inf,                 1.0876,             7.1197e-05,             7.1197e-05,             7.1197e-05
                      3,                 1.4841,                 3.4577,                 1.1666,                0.37624,                0.75265,                0.48248,                0.35056,                 1.0721,                 1.6878,                0.93794,             0.00011351,             0.00011351,             0.00011351
                      4,                 1.0295,                 1.4439,                0.98273,                0.50779,                0.73006,                0.59289,                0.41142,                 1.0364,                    inf,                0.92683,             0.00015552,             0.00015552,             0.00015552
                      5,                0.97068,                0.91312,                0.93376,                0.57948,                0.81745,                0.69422,                0.50318,                0.86734,                    inf,                0.90611,             0.00019723,             0.00019723,             0.00019723
                      6,                0.84065,                0.74841,                0.93491,                  0.601,                0.86109,                0.68358,                0.53802,                0.83631,                 1.5555,                0.90374,             0.00023864,             0.00023864,             0.00023864
                      7,                 0.8012,                0.70542,                0.91154,                0.65137,                0.84937,                0.76774,                0.57746,                0.85072,                    inf,                0.90608,             0.00027974,             0.00027974,             0.00027974
                      8,                 0.7032,                0.65324,                0.91261,                0.63886,                0.83179,                0.75419,                0.58408,                0.80339,                    inf,                0.89913,             0.00032054,             0.00032054,             0.00032054
                      9,                0.77436,                0.65882,                0.90532,                0.61648,                0.87596,                0.75552,                0.60707,                 0.7346,                 1.3262,                0.87945,             0.00036103,             0.00036103,             0.00036103
                     10,                0.69192,                0.60804,                0.87618,                0.70408,                0.84908,                0.80116,                0.62219,                0.79823,                 1.1129,                0.88703,             0.00040122,             0.00040122,             0.00040122
                     11,                0.74704,                0.61169,                0.89026,                0.74227,                0.87728,                 0.8285,                 0.6483,                0.86272,                0.91123,                0.90816,             0.00044111,             0.00044111,             0.00044111
                     12,                0.71596,                0.59515,                0.89481,                0.76131,                0.90949,                0.82371,                0.64822,                0.84702,                0.93241,                0.89525,              0.0004807,              0.0004807,              0.0004807
                     13,                0.72981,                0.60461,                0.90171,                0.76654,                0.88005,                 0.8202,                0.67892,                0.71828,                0.99142,                0.86945,             0.00051998,             0.00051998,             0.00051998
                     14,                0.70477,                0.55254,                0.87678,                0.74656,                0.85327,                0.79765,                0.66438,                0.72582,                 1.0374,                 0.8731,             0.00055896,             0.00055896,             0.00055896
                     15,                0.68427,                0.54527,                 0.8724,                0.82341,                 0.8482,                0.87801,                0.70403,                0.76783,                0.98407,                0.87231,             0.00059764,             0.00059764,             0.00059764
                     16,                0.64985,                0.50867,                0.86644,                0.85573,                0.87366,                0.92342,                0.75033,                0.70264,                0.89263,                0.85697,             0.00063601,             0.00063601,             0.00063601
                     17,                0.66216,                 0.5191,                0.87578,                0.95039,                0.94638,                0.98207,                0.81591,                0.69021,                0.74006,                0.84872,             0.00067408,             0.00067408,             0.00067408
                     18,                0.70439,                0.51016,                0.86281,                0.95727,                 0.9515,                0.98147,                 0.8129,                0.69229,                0.68581,                0.84636,             0.00071185,             0.00071185,             0.00071185
                     19,                0.65321,                0.48191,                0.84248,                0.90414,                0.90875,                0.94591,                0.77924,                0.68152,                0.61447,                0.84541,             0.00074931,             0.00074931,             0.00074931
                     20,                0.70312,                0.52919,                0.87472,                0.88634,                0.92748,                0.94351,                0.78211,                0.65985,                0.57613,                 0.8429,             0.00078647,             0.00078647,             0.00078647
                     21,                0.68238,                0.50961,                0.86499,                0.93341,                0.94885,                0.97655,                0.81914,                0.67403,                0.56011,                0.84603,             0.00082333,             0.00082333,             0.00082333
                     22,                0.68312,                0.51188,                0.86629,                0.96528,                0.96623,                0.98915,                0.82897,                0.68862,                0.56898,                0.84796,             0.00085988,             0.00085988,             0.00085988
                     23,                0.66083,                0.47501,                0.86018,                0.95143,                0.96667,                0.98872,                0.83321,                0.66652,                0.53254,                0.84415,             0.00089613,             0.00089613,             0.00089613
                     24,                0.69817,                0.48306,                 0.8429,                0.92245,                0.94601,                0.97029,                0.79418,                0.73946,                 0.5288,                0.84946,             0.00093208,             0.00093208,             0.00093208
                     25,                0.69629,                 0.4774,                0.85487,                0.93494,                0.95219,                0.96667,                0.80068,                 0.7087,                0.52107,                0.84427,             0.00096773,             0.00096773,             0.00096773
                     26,                0.70505,                0.49847,                0.87391,                0.96136,                0.97463,                0.98357,                 0.8332,                0.66653,                 0.5072,                0.84231,              0.0010031,              0.0010031,              0.0010031
                     27,                0.62484,                0.44991,                0.85481,                0.98006,                0.97627,                0.99299,                 0.8282,                0.70473,                0.52807,                0.84864,              0.0010381,              0.0010381,              0.0010381
                     28,                0.73577,                0.46114,                0.84813,                0.98406,                0.97673,                 0.9933,                0.83201,                0.69897,                0.53981,                0.85297,              0.0010728,              0.0010728,              0.0010728
                     29,                0.66897,                0.45976,                0.86373,                0.98406,                0.97673,                 0.9933,                0.83201,                0.69897,                0.53981,                0.85297,              0.0011073,              0.0011073,              0.0011073
                     30,                0.64894,                0.44258,                0.84583,                0.98542,                0.97718,                0.99316,                0.83463,                0.68625,                0.52923,                0.84823,              0.0011414,              0.0011414,              0.0011414
                     31,                0.64372,                0.45571,                0.85601,                0.98042,                0.97666,                0.99262,                0.84623,                0.66204,                  0.489,                 0.8385,              0.0011752,              0.0011752,              0.0011752
                     32,                0.64869,                0.45971,                0.85739,                0.97184,                0.97636,                0.99149,                0.85149,                0.65442,                0.50953,                0.84003,              0.0012088,              0.0012088,              0.0012088
                     33,                0.69994,                 0.4646,                0.85807,                0.97184,                0.97636,                0.99149,                0.85149,                0.65442,                0.50953,                0.84003,               0.001242,               0.001242,               0.001242
                     34,                0.65358,                0.46067,                0.84859,                0.96386,                0.97147,                0.98518,                0.85076,                0.61512,                0.51756,                0.83761,              0.0012623,              0.0012623,              0.0012623
                     35,                0.70826,                0.48259,                 0.8575,                0.96832,                0.97183,                 0.9848,                0.82584,                0.69466,                0.49385,                 0.8431,              0.0012572,              0.0012572,              0.0012572
                     36,                0.72865,                0.48448,                0.85068,                0.96561,                0.97377,                0.98736,                0.83994,                0.67085,                0.46164,                0.84462,              0.0012522,              0.0012522,              0.0012522
                     37,                0.68757,                0.45784,                0.84669,                0.96561,                0.97377,                0.98736,                0.83994,                0.67085,                0.46164,                0.84462,              0.0012471,              0.0012471,              0.0012471
                     38,                0.70865,                0.47395,                0.85565,                0.95379,                0.96718,                0.97699,                0.82651,                0.66845,                0.49099,                0.84021,              0.0012421,              0.0012421,              0.0012421
                     39,                0.69148,                0.46513,                0.84862,                0.95707,                0.96755,                0.97729,                0.82206,                0.65837,                0.50322,                0.83468,               0.001237,               0.001237,               0.001237
                     40,                0.64741,                0.44818,                0.84808,                 0.9757,                0.97788,                 0.9869,                0.84444,                0.63208,                0.45501,                0.83661,               0.001232,               0.001232,               0.001232
                     41,                0.70348,                0.45769,                0.84513,                 0.9757,                0.97788,                 0.9869,                0.84444,                0.63208,                0.45501,                0.83661,              0.0012269,              0.0012269,              0.0012269
                     42,                0.61341,                0.41872,                0.83333,                0.98336,                 0.9862,                0.99288,                0.85118,                0.63621,                0.44096,                0.83609,              0.0012218,              0.0012218,              0.0012218
                     43,                0.61727,                0.42077,                0.84182,                0.98733,                0.98771,                0.99415,                0.85085,                0.62282,                0.41113,                0.83312,              0.0012168,              0.0012168,              0.0012168
                     44,                0.62699,                0.43025,                0.84246,                0.98794,                0.98686,                0.99419,                0.85578,                0.61825,                0.40442,                 0.8266,              0.0012117,              0.0012117,              0.0012117
                     45,                0.64218,                0.43963,                0.83241,                0.98794,                0.98686,                0.99419,                0.85578,                0.61825,                0.40442,                 0.8266,              0.0012067,              0.0012067,              0.0012067
                     46,                0.67531,                0.45197,                0.83808,                0.98156,                0.98339,                0.99211,                0.83541,                0.66432,                0.43746,                0.82803,              0.0012016,              0.0012016,              0.0012016
                     47,                 0.6089,                0.43327,                 0.8457,                0.98664,                0.98595,                0.99348,                0.86228,                0.60774,                0.41057,                0.82472,              0.0011966,              0.0011966,              0.0011966
                     48,                0.59406,                0.40707,                0.83448,                 0.9843,                0.99379,                0.99456,                0.86367,                0.58581,                0.38919,                0.82491,              0.0011915,              0.0011915,              0.0011915
                     49,                0.61005,                0.40849,                 0.8353,                 0.9843,                0.99379,                0.99456,                0.86367,                0.58581,                0.38919,                0.82491,              0.0011865,              0.0011865,              0.0011865
                     50,                0.61364,                0.40724,                 0.8339,                0.98923,                0.99243,                0.99454,                0.86612,                0.58999,                0.40523,                0.82133,              0.0011814,              0.0011814,              0.0011814
                     51,                0.58507,                0.41308,                0.83551,                0.97998,                0.98403,                0.98801,                0.86007,                0.58982,                0.44007,                0.81972,              0.0011764,              0.0011764,              0.0011764
                     52,                0.65797,                0.42766,                0.82633,                 0.9771,                0.98338,                0.98462,                0.84109,                0.63658,                0.48076,                0.82345,              0.0011713,              0.0011713,              0.0011713
                     53,                0.61588,                0.41722,                0.83532,                 0.9771,                0.98338,                0.98462,                0.84109,                0.63658,                0.48076,                0.82345,              0.0011663,              0.0011663,              0.0011663
                     54,                0.60044,                0.40872,                0.83391,                0.98657,                0.98789,                 0.9932,                0.85284,                0.63337,                0.42575,                0.82495,              0.0011612,              0.0011612,              0.0011612
                     55,                0.58803,                0.39341,                0.83319,                0.98768,                0.99292,                 0.9947,                0.87061,                0.57312,                0.37872,                0.82107,              0.0011562,              0.0011562,              0.0011562
                     56,                0.54845,                 0.3892,                0.83936,                0.99159,                0.99378,                0.99482,                0.86627,                0.59419,                0.38594,                0.82381,              0.0011511,              0.0011511,              0.0011511
                     57,                0.62464,                0.39823,                0.83378,                0.99159,                0.99378,                0.99482,                0.86627,                0.59419,                0.38594,                0.82381,              0.0011461,              0.0011461,              0.0011461
                     58,                0.65692,                0.41067,                0.83489,                0.99009,                0.98808,                0.99465,                0.85794,                0.59898,                 0.4151,                0.82377,               0.001141,               0.001141,               0.001141
                     59,                 0.6382,                0.42251,                0.83601,                0.98873,                0.98906,                0.99388,                0.85491,                0.61131,                0.40378,                0.82608,               0.001136,               0.001136,               0.001136
                     60,                0.62226,                0.40636,                0.83419,                0.98458,                0.99113,                0.99354,                0.86032,                0.61295,                0.39623,                 0.8222,              0.0011309,              0.0011309,              0.0011309
                     61,                0.62205,                0.41945,                0.83188,                0.98458,                0.99113,                0.99354,                0.86032,                0.61295,                0.39623,                 0.8222,              0.0011258,              0.0011258,              0.0011258
                     62,                0.59495,                0.41332,                0.82708,                0.98784,                0.98942,                0.99415,                0.85355,                0.63295,                0.40122,                0.82186,              0.0011208,              0.0011208,              0.0011208
                     63,                0.56737,                0.39551,                0.82667,                 0.9908,                0.98741,                0.99469,                0.87346,                0.57267,                0.38256,                0.81702,              0.0011157,              0.0011157,              0.0011157
                     64,                0.55083,                0.38633,                0.82145,                0.99376,                0.98666,                0.99452,                0.87914,                0.55796,                0.37773,                0.81668,              0.0011107,              0.0011107,              0.0011107
                     65,                0.58683,                0.37629,                0.81815,                0.99376,                0.98666,                0.99452,                0.87914,                0.55796,                0.37773,                0.81668,              0.0011056,              0.0011056,              0.0011056
                     66,                0.54907,                0.36188,                0.82235,                0.99526,                0.98526,                0.99387,                0.87335,                 0.5655,                0.39866,                0.81691,              0.0011006,              0.0011006,              0.0011006
                     67,                0.57948,                0.39611,                 0.8223,                0.99503,                0.98719,                0.99422,                 0.8817,                 0.5449,                0.38211,                0.81635,              0.0010955,              0.0010955,              0.0010955
                     68,                0.56657,                0.38358,                  0.825,                0.99004,                0.99104,                0.99441,                0.88148,                0.54822,                0.36905,                0.81455,              0.0010905,              0.0010905,              0.0010905
                     69,                0.53945,                0.36758,                0.81398,                0.99004,                0.99104,                0.99441,                0.88148,                0.54822,                0.36905,                0.81455,              0.0010854,              0.0010854,              0.0010854
                     70,                0.57142,                0.39289,                0.83263,                0.99163,                0.98649,                0.99443,                0.87088,                0.58189,                0.39281,                0.81663,              0.0010804,              0.0010804,              0.0010804
                     71,                0.59789,                0.38391,                0.82848,                  0.991,                0.99117,                0.99452,                0.88084,                0.56217,                0.39285,                0.81558,              0.0010753,              0.0010753,              0.0010753
                     72,                0.57294,                0.38537,                 0.8258,                0.99315,                 0.9913,                0.99467,                0.88243,                0.55133,                0.36263,                0.81545,              0.0010703,              0.0010703,              0.0010703
                     73,                0.59327,                0.37768,                0.82547,                0.99315,                 0.9913,                0.99467,                0.88243,                0.55133,                0.36263,                0.81545,              0.0010652,              0.0010652,              0.0010652
                     74,                0.55113,                0.38698,                0.82887,                0.99108,                0.99131,                0.99463,                0.88037,                0.54723,                0.36483,                0.81499,              0.0010602,              0.0010602,              0.0010602
                     75,                0.56542,                0.39331,                0.82572,                0.99266,                0.99201,                0.99471,                0.88522,                0.54581,                0.35501,                0.81572,              0.0010551,              0.0010551,              0.0010551
                     76,                0.57631,                0.37799,                0.82895,                0.99728,                0.98574,                 0.9948,                0.89276,                0.52758,                0.36741,                0.81197,              0.0010501,              0.0010501,              0.0010501
                     77,                0.54447,                0.37428,                0.81372,                0.99728,                0.98574,                 0.9948,                0.89276,                0.52758,                0.36741,                0.81197,               0.001045,               0.001045,               0.001045
                     78,                0.57096,                0.39202,                0.82122,                0.99638,                0.98553,                0.99479,                0.88882,                0.54166,                0.38376,                0.81579,                0.00104,                0.00104,                0.00104
                     79,                0.54078,                0.36777,                0.82654,                0.99341,                  0.986,                0.99475,                 0.8892,                0.53815,                0.36465,                0.81504,              0.0010349,              0.0010349,              0.0010349
                     80,                0.56309,                0.37241,                0.82166,                0.99226,                0.98729,                0.99469,                0.87266,                0.56337,                0.36293,                0.81657,              0.0010298,              0.0010298,              0.0010298
                     81,                0.54957,                0.37152,                0.81749,                0.99226,                0.98729,                0.99469,                0.87266,                0.56337,                0.36293,                0.81657,              0.0010248,              0.0010248,              0.0010248
                     82,                0.56063,                0.38137,                0.81745,                0.99471,                0.98635,                0.99479,                0.87955,                0.55538,                0.36144,                0.81648,              0.0010197,              0.0010197,              0.0010197
                     83,                0.57133,                0.38649,                0.81732,                 0.9949,                 0.9904,                0.99487,                0.89366,                0.52831,                0.35364,                0.81411,              0.0010147,              0.0010147,              0.0010147
                     84,                0.51625,                 0.3596,                 0.8282,                0.99674,                0.99094,                0.99489,                0.89524,                0.53222,                0.35879,                0.81384,              0.0010096,              0.0010096,              0.0010096
                     85,                0.60076,                0.36938,                0.81538,                0.99674,                0.99094,                0.99489,                0.89524,                0.53222,                0.35879,                0.81384,              0.0010046,              0.0010046,              0.0010046
                     86,                0.56065,                0.36422,                0.82438,                0.99406,                0.99436,                0.99489,                0.88689,                0.55339,                0.36789,                0.81811,             0.00099953,             0.00099953,             0.00099953
                     87,                0.56195,                0.37174,                0.82491,                 0.9957,                0.99217,                0.99487,                0.88137,                0.55484,                0.36983,                0.81719,             0.00099448,             0.00099448,             0.00099448
                     88,                0.57242,                0.37235,                0.81846,                0.99298,                0.99466,                0.99483,                0.89611,                0.51729,                0.34853,                0.80899,             0.00098943,             0.00098943,             0.00098943
                     89,                0.54545,                0.36065,                0.81669,                0.99298,                0.99466,                0.99483,                0.89611,                0.51729,                0.34853,                0.80899,             0.00098438,             0.00098438,             0.00098438
                     90,                0.53814,                0.35461,                0.81388,                0.99542,                0.99321,                0.99481,                0.89762,                0.52731,                0.34524,                0.81177,             0.00097932,             0.00097932,             0.00097932
                     91,                0.52811,                0.35206,                0.82316,                 0.9969,                0.99424,                0.99481,                0.89271,                0.54111,                 0.3487,                0.81418,             0.00097427,             0.00097427,             0.00097427
                     92,                0.54241,                0.35833,                0.82005,                0.99489,                0.99594,                 0.9948,                0.89684,                0.52838,                0.34181,                0.81056,             0.00096922,             0.00096922,             0.00096922
                     93,                0.54019,                0.35476,                0.81433,                0.99489,                0.99594,                 0.9948,                0.89684,                0.52838,                0.34181,                0.81056,             0.00096417,             0.00096417,             0.00096417
                     94,                0.56369,                0.35213,                0.80817,                0.99325,                0.99591,                0.99472,                0.89174,                0.53664,                0.34335,                0.80988,             0.00095911,             0.00095911,             0.00095911
                     95,                0.57108,                0.36271,                0.81951,                0.99297,                0.99559,                0.99463,                0.89354,                 0.5354,                0.34616,                0.81054,             0.00095406,             0.00095406,             0.00095406
                     96,                0.54973,                0.36082,                0.82814,                0.99271,                0.99545,                0.99415,                0.89589,                0.53481,                0.34231,                0.81012,             0.00094901,             0.00094901,             0.00094901
                     97,                0.55524,                0.35476,                0.81253,                0.99271,                0.99545,                0.99415,                0.89589,                0.53481,                0.34231,                0.81012,             0.00094396,             0.00094396,             0.00094396
                     98,                0.56234,                0.35073,                0.81505,                0.99354,                 0.9959,                0.99421,                0.89759,                0.52543,                0.33663,                0.80815,              0.0009389,              0.0009389,              0.0009389
                     99,                0.56578,                 0.3612,                0.81319,                0.99427,                0.99586,                0.99448,                0.89794,                0.52577,                0.33963,                0.80631,             0.00093385,             0.00093385,             0.00093385
                    100,                 0.5611,                0.35502,                0.82735,                0.99428,                0.99597,                0.99472,                 0.8991,                0.50935,                0.33336,                0.80564,              0.0009288,              0.0009288,              0.0009288
                    101,                0.54128,                0.35143,                0.81077,                0.99428,                0.99597,                0.99472,                 0.8991,                0.50935,                0.33336,                0.80564,             0.00092375,             0.00092375,             0.00092375
                    102,                0.51767,                0.33696,                0.81121,                0.99501,                0.99606,                0.99485,                0.89544,                0.51268,                0.32473,                0.80616,             0.00091869,             0.00091869,             0.00091869
                    103,                0.55477,                0.35216,                0.81746,                0.99258,                0.99638,                 0.9948,                0.88595,                0.53638,                0.33859,                0.80927,             0.00091364,             0.00091364,             0.00091364
                    104,                 0.5382,                0.34782,                0.81034,                0.99247,                0.99681,                0.99482,                0.87827,                0.54934,                0.34422,                0.80926,             0.00090859,             0.00090859,             0.00090859
                    105,                0.53252,                0.34366,                0.81939,                0.99247,                0.99681,                0.99482,                0.87827,                0.54934,                0.34422,                0.80926,             0.00090354,             0.00090354,             0.00090354
                    106,                0.56751,                0.35823,                0.82898,                0.99331,                0.99635,                0.99485,                0.89132,                0.52679,                 0.3392,                  0.808,             0.00089848,             0.00089848,             0.00089848
                    107,                0.55899,                0.35885,                0.81815,                0.99301,                0.99736,                0.99491,                0.89787,                0.51912,                0.33776,                0.80726,             0.00089343,             0.00089343,             0.00089343
                    108,                0.52568,                0.34405,                0.82057,                0.99584,                0.99367,                0.99488,                0.89977,                 0.5097,                0.32971,                0.80488,             0.00088838,             0.00088838,             0.00088838
                    109,                0.55396,                0.35717,                0.81191,                0.99584,                0.99367,                0.99488,                0.89977,                 0.5097,                0.32971,                0.80488,             0.00088333,             0.00088333,             0.00088333
                    110,                0.51813,                0.33634,                0.81431,                0.99388,                 0.9969,                0.99486,                0.89476,                0.52595,                0.32937,                0.80791,             0.00087827,             0.00087827,             0.00087827
                    111,                0.52383,                  0.345,                0.81981,                0.99339,                0.99818,                0.99475,                0.89547,                0.53268,                0.33363,                0.80948,             0.00087322,             0.00087322,             0.00087322
                    112,                0.50069,                 0.3294,                0.81442,                0.99492,                0.99786,                0.99466,                0.90002,                0.51099,                0.32611,                 0.8076,             0.00086817,             0.00086817,             0.00086817
                    113,                 0.5859,                0.36599,                 0.8137,                0.99492,                0.99786,                0.99466,                0.90002,                0.51099,                0.32611,                 0.8076,             0.00086312,             0.00086312,             0.00086312
                    114,                0.53582,                0.34066,                0.81353,                0.99392,                0.99756,                0.99484,                0.89934,                0.51773,                0.32385,                0.80823,             0.00085806,             0.00085806,             0.00085806
                    115,                0.52056,                0.34222,                0.81462,                0.99538,                0.99791,                 0.9949,                0.89833,                0.51459,                0.32432,                0.80721,             0.00085301,             0.00085301,             0.00085301
                    116,                0.53428,                0.34661,                0.81781,                0.99649,                0.99681,                0.99489,                0.90075,                0.50433,                0.33426,                0.80636,             0.00084796,             0.00084796,             0.00084796
                    117,                0.54038,                0.34659,                 0.8071,                0.99649,                0.99681,                0.99489,                0.90075,                0.50433,                0.33426,                0.80636,             0.00084291,             0.00084291,             0.00084291
                    118,                0.56455,                 0.3587,                0.81234,                0.99621,                 0.9958,                0.99483,                0.89969,                0.52363,                0.36216,                0.80841,             0.00083785,             0.00083785,             0.00083785
                    119,                0.54133,                0.37709,                0.81202,                0.99583,                0.99435,                0.99477,                0.89682,                0.53517,                0.37689,                0.80925,              0.0008328,              0.0008328,              0.0008328
                    120,                0.56738,                0.37932,                0.81211,                0.99484,                0.99368,                 0.9948,                0.89179,                0.53941,                0.36022,                0.80866,             0.00082775,             0.00082775,             0.00082775
                    121,                0.56158,                0.36276,                 0.8172,                0.99484,                0.99368,                 0.9948,                0.89179,                0.53941,                0.36022,                0.80866,              0.0008227,              0.0008227,              0.0008227
                    122,                0.53475,                 0.3487,                0.80934,                0.99568,                0.99688,                0.99482,                0.89007,                0.53043,                0.33572,                0.80743,             0.00081764,             0.00081764,             0.00081764
                    123,                 0.5277,                0.34643,                0.81276,                 0.9956,                0.99694,                0.99484,                0.89438,                0.51457,                  0.335,                0.80568,             0.00081259,             0.00081259,             0.00081259
                    124,                0.56182,                0.36186,                0.81032,                0.99526,                0.99779,                0.99489,                0.89349,                0.51674,                0.33652,                0.80649,             0.00080754,             0.00080754,             0.00080754
                    125,                0.52533,                 0.3538,                0.80941,                0.99526,                0.99779,                0.99489,                0.89349,                0.51674,                0.33652,                0.80649,             0.00080249,             0.00080249,             0.00080249
                    126,                0.52488,                0.34259,                0.80706,                0.99608,                0.99748,                0.99494,                0.89511,                0.51325,                0.32653,                0.80672,             0.00079743,             0.00079743,             0.00079743
                    127,                0.54208,                0.34504,                0.81383,                 0.9967,                0.99691,                0.99494,                0.90241,                0.49528,                 0.3174,                 0.8059,             0.00079238,             0.00079238,             0.00079238
                    128,                0.49972,                0.32848,                0.81061,                 0.9976,                0.99569,                0.99494,                0.90196,                0.50644,                0.32352,                 0.8073,             0.00078733,             0.00078733,             0.00078733
                    129,                 0.5222,                0.33846,                0.80952,                 0.9976,                0.99569,                0.99494,                0.90196,                0.50644,                0.32352,                 0.8073,             0.00078228,             0.00078228,             0.00078228
                    130,                0.52921,                 0.3356,                0.80889,                0.99697,                0.99561,                0.99491,                0.89837,                0.51652,                0.32958,                0.80673,             0.00077722,             0.00077722,             0.00077722
                    131,                 0.5078,                0.32265,                0.81527,                0.99649,                0.99689,                 0.9949,                0.90009,                0.50826,                0.32371,                 0.8076,             0.00077217,             0.00077217,             0.00077217
                    132,                0.50403,                0.32661,                  0.812,                0.99732,                0.99717,                0.99492,                0.89825,                 0.5172,                0.32227,                0.80785,             0.00076712,             0.00076712,             0.00076712
                    133,                0.48658,                0.31618,                0.81147,                0.99732,                0.99717,                0.99492,                0.89825,                 0.5172,                0.32227,                0.80785,             0.00076207,             0.00076207,             0.00076207
                    134,                0.53114,                0.33927,                 0.8195,                0.99603,                0.99826,                0.99484,                 0.9025,                0.50258,                0.31602,                0.80617,             0.00075701,             0.00075701,             0.00075701
                    135,                0.49843,                0.32124,                0.80892,                0.99598,                0.99761,                0.99482,                0.90616,                0.49206,                0.31146,                0.80413,             0.00075196,             0.00075196,             0.00075196
                    136,                0.48151,                0.31227,                0.80475,                0.99513,                0.99739,                0.99481,                0.90611,                0.49723,                0.31083,                0.80561,             0.00074691,             0.00074691,             0.00074691
                    137,                0.52934,                0.33136,                0.80584,                0.99513,                0.99739,                0.99481,                0.90611,                0.49723,                0.31083,                0.80561,             0.00074186,             0.00074186,             0.00074186
                    138,                 0.5077,                0.32727,                0.81923,                0.99589,                0.99738,                0.99481,                0.91054,                0.48734,                0.31003,                0.80466,              0.0007368,              0.0007368,              0.0007368
                    139,                0.50707,                 0.3208,                0.81083,                0.99619,                0.99725,                0.99482,                0.90485,                0.50058,                0.31187,                0.80577,             0.00073175,             0.00073175,             0.00073175
                    140,                0.51099,                0.32019,                0.80584,                0.99567,                 0.9972,                0.99481,                0.90113,                0.51353,                0.31854,                0.80653,              0.0007267,              0.0007267,              0.0007267
                    141,                0.53014,                0.32841,                0.81367,                0.99567,                 0.9972,                0.99481,                0.90113,                0.51353,                0.31854,                0.80653,             0.00072164,             0.00072164,             0.00072164
                    142,                0.52864,                0.33349,                0.80859,                0.99491,                0.99732,                0.99477,                0.89704,                 0.5257,                0.32633,                0.80808,             0.00071659,             0.00071659,             0.00071659
                    143,                0.46019,                0.30535,                0.81619,                0.99506,                0.99769,                0.99475,                0.90269,                0.50481,                0.31792,                0.80764,             0.00071154,             0.00071154,             0.00071154
                    144,                0.50923,                 0.3219,                0.81645,                0.99503,                0.99782,                0.99472,                  0.907,                0.49277,                0.31324,                0.80611,             0.00070649,             0.00070649,             0.00070649
                    145,                0.53074,                0.32815,                0.80308,                0.99503,                0.99782,                0.99472,                  0.907,                0.49277,                0.31324,                0.80611,             0.00070143,             0.00070143,             0.00070143
                    146,                0.51073,                0.33003,                0.81156,                0.99529,                0.99778,                0.99478,                0.90887,                0.49228,                0.31255,                0.80569,             0.00069638,             0.00069638,             0.00069638
                    147,                0.50416,                0.31767,                0.80802,                0.99543,                0.99775,                0.99488,                0.90923,                0.49217,                0.30982,                0.80457,             0.00069133,             0.00069133,             0.00069133
                    148,                 0.5288,                 0.3277,                0.81632,                0.99554,                0.99756,                0.99492,                0.90533,                0.50611,                0.31186,                0.80411,             0.00068628,             0.00068628,             0.00068628
                    149,                0.50514,                0.32014,                0.81277,                0.99554,                0.99756,                0.99492,                0.90533,                0.50611,                0.31186,                0.80411,             0.00068122,             0.00068122,             0.00068122
                    150,                0.49996,                0.31803,                0.81088,                0.99749,                0.99749,                0.99492,                0.90529,                0.49936,                0.30711,                0.80248,             0.00067617,             0.00067617,             0.00067617
                    151,                0.51749,                0.33104,                0.80748,                0.99423,                0.99647,                0.99492,                0.90313,                  0.499,                0.30608,                0.80317,             0.00067112,             0.00067112,             0.00067112
                    152,                0.51644,                0.32605,                   0.81,                0.99678,                0.99196,                 0.9949,                 0.9059,                0.49103,                0.30507,                0.80369,             0.00066607,             0.00066607,             0.00066607
                    153,                0.50044,                0.32122,                0.82079,                0.99678,                0.99196,                 0.9949,                 0.9059,                0.49103,                0.30507,                0.80369,             0.00066101,             0.00066101,             0.00066101
                    154,                0.53931,                0.33493,                0.82095,                0.99638,                0.99213,                0.99488,                0.90649,                0.49356,                0.30713,                0.80356,             0.00065596,             0.00065596,             0.00065596
                    155,                0.49454,                0.30983,                0.80634,                0.99613,                0.99271,                0.99486,                0.90108,                0.51096,                0.31207,                0.80503,             0.00065091,             0.00065091,             0.00065091
                    156,                0.51812,                0.31842,                0.81158,                0.99735,                0.99448,                0.99488,                0.90097,                0.51073,                0.30932,                0.80637,             0.00064586,             0.00064586,             0.00064586
                    157,                0.51618,                 0.3185,                0.81044,                0.99735,                0.99448,                0.99488,                0.90097,                0.51073,                0.30932,                0.80637,              0.0006408,              0.0006408,              0.0006408
                    158,                0.50689,                0.31467,                0.80464,                0.99663,                 0.9986,                0.99492,                0.90715,                0.49516,                0.30365,                0.80439,             0.00063575,             0.00063575,             0.00063575
                    159,                0.50714,                0.31399,                0.80652,                0.99737,                0.99891,                0.99492,                0.90328,                 0.5017,                 0.3046,                 0.8043,              0.0006307,              0.0006307,              0.0006307
                    160,                0.48634,                0.29893,                0.81327,                0.99746,                0.99822,                0.99484,                0.90732,                 0.4911,                0.30199,                0.80397,             0.00062565,             0.00062565,             0.00062565
                    161,                0.48574,                 0.2983,                0.80366,                0.99746,                0.99822,                0.99484,                0.90732,                 0.4911,                0.30199,                0.80397,             0.00062059,             0.00062059,             0.00062059
                    162,                 0.5119,                0.31555,                0.80712,                0.99925,                0.99632,                 0.9948,                0.90861,                0.48801,                0.30754,                0.80401,             0.00061554,             0.00061554,             0.00061554
                    163,                0.48928,                0.31477,                0.80529,                0.99765,                0.99612,                0.99477,                0.90113,                0.50874,                0.31605,                0.80522,             0.00061049,             0.00061049,             0.00061049
                    164,                0.47856,                0.30253,                0.80756,                0.99716,                 0.9941,                0.99477,                0.90106,                0.50688,                0.31548,                0.80582,             0.00060544,             0.00060544,             0.00060544
                    165,                0.49277,                0.30724,                0.81685,                0.99716,                 0.9941,                0.99477,                0.90106,                0.50688,                0.31548,                0.80582,             0.00060038,             0.00060038,             0.00060038
                    166,                0.50111,                0.30422,                0.81118,                0.99681,                0.99281,                0.99481,                0.90578,                0.48653,                 0.3069,                0.80515,             0.00059533,             0.00059533,             0.00059533
                    167,                0.49295,                0.31306,                0.80456,                0.99674,                0.99198,                0.99482,                0.90615,                0.48506,                0.30631,                0.80426,             0.00059028,             0.00059028,             0.00059028
                    168,                0.50186,                0.31224,                0.80165,                0.99679,                0.99167,                0.99478,                0.90772,                0.48411,                0.30711,                0.80272,             0.00058523,             0.00058523,             0.00058523
                    169,                0.52551,                0.31992,                 0.8045,                0.99679,                0.99167,                0.99478,                0.90772,                0.48411,                0.30711,                0.80272,             0.00058017,             0.00058017,             0.00058017
                    170,                0.49968,                0.30484,                 0.8027,                0.99688,                0.99163,                0.99468,                0.90667,                0.48598,                0.30495,                0.80231,             0.00057512,             0.00057512,             0.00057512
                    171,                0.50553,                 0.3116,                0.80141,                0.99685,                0.99177,                0.99466,                0.90741,                0.48177,                0.30134,                0.80188,             0.00057007,             0.00057007,             0.00057007
                    172,                 0.4988,                0.30454,                0.81011,                0.99678,                0.99163,                0.99468,                0.90576,                0.48693,                0.30468,                0.80255,             0.00056502,             0.00056502,             0.00056502
                    173,                0.47686,                0.30146,                0.80226,                0.99678,                0.99163,                0.99468,                0.90576,                0.48693,                0.30468,                0.80255,             0.00055996,             0.00055996,             0.00055996
                    174,                0.50229,                0.31119,                0.80742,                0.99678,                0.99173,                 0.9947,                0.90558,                0.48802,                0.30595,                0.80209,             0.00055491,             0.00055491,             0.00055491
                    175,                0.51304,                0.30973,                 0.8088,                0.99677,                0.99159,                0.99477,                0.90926,                 0.4822,                0.30247,                  0.802,             0.00054986,             0.00054986,             0.00054986
                    176,                 0.4828,                0.30164,                0.80036,                0.99583,                0.99588,                0.99493,                0.90746,                 0.4854,                0.29997,                0.80195,             0.00054481,             0.00054481,             0.00054481
                    177,                 0.5079,                0.30479,                0.81148,                0.99583,                0.99588,                0.99493,                0.90746,                 0.4854,                0.29997,                0.80195,             0.00053975,             0.00053975,             0.00053975
                    178,                0.49688,                0.30265,                0.80424,                0.99544,                0.99691,                0.99493,                0.90853,                0.47924,                0.29733,                 0.8012,              0.0005347,              0.0005347,              0.0005347
                    179,                0.48488,                0.29792,                0.81092,                0.99622,                0.99433,                 0.9949,                0.91092,                0.47015,                0.29145,                0.80171,             0.00052965,             0.00052965,             0.00052965
                    180,                0.46906,                0.28759,                0.80699,                0.99562,                 0.9934,                0.99479,                0.90858,                0.48536,                 0.2964,                0.80251,              0.0005246,              0.0005246,              0.0005246
                    181,                0.50118,                0.30592,                0.80654,                0.99562,                 0.9934,                0.99479,                0.90858,                0.48536,                 0.2964,                0.80251,             0.00051954,             0.00051954,             0.00051954
                    182,                 0.4749,                0.29556,                0.80828,                0.99573,                0.99302,                0.99471,                0.90405,                0.50209,                0.30097,                0.80368,             0.00051449,             0.00051449,             0.00051449
                    183,                0.50521,                0.29997,                0.80579,                0.99635,                0.99362,                0.99479,                0.90876,                0.48027,                0.29387,                0.80221,             0.00050944,             0.00050944,             0.00050944
                    184,                0.51015,                0.30356,                0.81083,                0.99585,                0.99632,                0.99479,                0.91373,                0.46905,                0.29044,                 0.8003,             0.00050439,             0.00050439,             0.00050439
                    185,                0.44785,                0.28241,                0.80222,                0.99585,                0.99632,                0.99479,                0.91373,                0.46905,                0.29044,                 0.8003,             0.00049933,             0.00049933,             0.00049933
                    186,                0.45784,                0.28284,                0.80077,                0.99874,                0.99937,                0.99483,                0.91123,                0.48767,                0.29321,                0.80062,             0.00049428,             0.00049428,             0.00049428
                    187,                0.51989,                0.30512,                0.80722,                0.99844,                0.99913,                0.99483,                0.91105,                0.48588,                0.29089,                0.80011,             0.00048923,             0.00048923,             0.00048923
                    188,                0.51482,                0.30216,                0.80703,                0.99794,                0.99924,                0.99482,                 0.9121,                0.47395,                0.28742,                0.80043,             0.00048418,             0.00048418,             0.00048418
                    189,                0.49182,                0.29538,                0.80661,                0.99794,                0.99924,                0.99482,                 0.9121,                0.47395,                0.28742,                0.80043,             0.00047912,             0.00047912,             0.00047912
                    190,                0.49875,                 0.3007,                0.80158,                0.99818,                0.99873,                0.99482,                 0.9117,                0.47004,                0.28517,                0.80055,             0.00047407,             0.00047407,             0.00047407
                    191,                0.48751,                0.29133,                0.80057,                0.99775,                0.99746,                0.99482,                0.90883,                0.47611,                0.28588,                0.80049,             0.00046902,             0.00046902,             0.00046902
                    192,                0.49332,                0.29764,                 0.8049,                0.99882,                0.99721,                0.99482,                0.90875,                0.47796,                0.28584,                0.80049,             0.00046397,             0.00046397,             0.00046397
                    193,                0.48242,                0.28907,                0.80278,                0.99882,                0.99721,                0.99482,                0.90875,                0.47796,                0.28584,                0.80049,             0.00045891,             0.00045891,             0.00045891
                    194,                0.46107,                0.28606,                0.80363,                0.99882,                0.99716,                0.99482,                0.91085,                0.47321,                0.28607,                0.80007,             0.00045386,             0.00045386,             0.00045386
                    195,                0.47039,                0.28518,                0.80228,                0.99762,                0.99856,                0.99485,                0.91316,                0.47515,                0.28606,                0.80019,             0.00044881,             0.00044881,             0.00044881
                    196,                0.47586,                0.28695,                 0.8024,                0.99833,                 0.9989,                 0.9949,                0.91421,                0.47601,                0.28591,                0.80044,             0.00044376,             0.00044376,             0.00044376
                    197,                0.49966,                0.29485,                0.80416,                0.99833,                 0.9989,                 0.9949,                0.91421,                0.47601,                0.28591,                0.80044,              0.0004387,              0.0004387,              0.0004387
                    198,                0.48632,                0.29238,                0.79361,                0.99914,                0.99913,                0.99494,                0.91425,                0.47455,                0.28703,                0.80076,             0.00043365,             0.00043365,             0.00043365
                    199,                0.49031,                0.29249,                0.80259,                0.99944,                0.99939,                0.99494,                0.91473,                0.46845,                0.28242,                0.80042,              0.0004286,              0.0004286,              0.0004286
                    200,                0.51537,                0.30463,                0.81024,                0.99919,                0.99955,                0.99493,                0.91307,                 0.4699,                0.28174,                0.79986,             0.00042355,             0.00042355,             0.00042355
                    201,                0.48184,                 0.2954,                0.80408,                0.99919,                0.99955,                0.99493,                0.91307,                 0.4699,                0.28174,                0.79986,             0.00041849,             0.00041849,             0.00041849
                    202,                0.48222,                0.29065,                0.80297,                0.99901,                0.99892,                0.99494,                0.91271,                0.47061,                0.28371,                0.79951,             0.00041344,             0.00041344,             0.00041344
                    203,                0.47377,                0.28701,                0.80345,                0.99911,                0.99835,                0.99495,                0.91423,                0.46526,                0.28333,                0.79936,             0.00040839,             0.00040839,             0.00040839
                    204,                0.48226,                0.29252,                0.80566,                0.99902,                0.99848,                0.99493,                 0.9158,                0.46202,                0.28009,                0.79885,             0.00040334,             0.00040334,             0.00040334
                    205,                0.46918,                0.28102,                0.79914,                0.99902,                0.99848,                0.99493,                 0.9158,                0.46202,                0.28009,                0.79885,             0.00039828,             0.00039828,             0.00039828
                    206,                0.47792,                0.28812,                0.80619,                0.99945,                0.99887,                0.99488,                0.91491,                0.46435,                0.27962,                0.79878,             0.00039323,             0.00039323,             0.00039323
                    207,                0.46239,                0.28493,                0.80003,                 0.9993,                  0.999,                0.99484,                0.91416,                 0.4709,                0.28099,                0.79962,             0.00038818,             0.00038818,             0.00038818
                    208,                0.46415,                 0.2899,                0.79877,                 0.9993,                0.99904,                0.99481,                0.91473,                0.47406,                0.28362,                0.80031,             0.00038313,             0.00038313,             0.00038313
                    209,                0.49532,                0.29113,                0.80554,                 0.9993,                0.99904,                0.99481,                0.91473,                0.47406,                0.28362,                0.80031,             0.00037807,             0.00037807,             0.00037807
                    210,                0.50634,                0.29845,                0.80963,                0.99937,                0.99919,                0.99483,                0.91523,                0.46875,                0.28272,                0.79981,             0.00037302,             0.00037302,             0.00037302
                    211,                0.47412,                0.28586,                0.80731,                0.99934,                0.99931,                0.99485,                0.91618,                0.46381,                0.27915,                0.79891,             0.00036797,             0.00036797,             0.00036797
                    212,                0.47551,                0.28621,                0.79808,                 0.9994,                0.99941,                0.99488,                0.91513,                0.46807,                0.28108,                0.79973,             0.00036291,             0.00036291,             0.00036291
                    213,                0.46822,                0.28357,                0.80337,                 0.9994,                0.99941,                0.99488,                0.91513,                0.46807,                0.28108,                0.79973,             0.00035786,             0.00035786,             0.00035786
                    214,                0.47947,                0.28926,                 0.8025,                0.99939,                0.99941,                 0.9949,                0.91351,                0.47389,                0.28074,                0.80066,             0.00035281,             0.00035281,             0.00035281
                    215,                0.48662,                0.28591,                 0.8004,                0.99961,                0.99969,                0.99489,                0.91277,                0.47249,                0.28065,                0.80019,             0.00034776,             0.00034776,             0.00034776
                    216,                0.48032,                0.28857,                0.80207,                0.99954,                0.99966,                0.99489,                 0.9149,                0.46587,                0.27876,                0.79965,              0.0003427,              0.0003427,              0.0003427
                    217,                0.43373,                0.26747,                0.80022,                0.99954,                0.99966,                0.99489,                 0.9149,                0.46587,                0.27876,                0.79965,             0.00033765,             0.00033765,             0.00033765
                    218,                0.46558,                0.27713,                0.80617,                0.99944,                0.99964,                0.99489,                0.91628,                0.45914,                0.27645,                0.79898,              0.0003326,              0.0003326,              0.0003326
                    219,                0.45798,                0.27726,                0.79996,                0.99931,                0.99964,                0.99488,                0.91556,                0.46277,                0.27669,                0.79965,             0.00032755,             0.00032755,             0.00032755
                    220,                0.47258,                0.29268,                0.80645,                0.99932,                0.99969,                0.99486,                0.91595,                0.46817,                0.27846,                0.80064,             0.00032249,             0.00032249,             0.00032249
                    221,                0.45083,                0.27427,                0.80588,                0.99932,                0.99969,                0.99486,                0.91595,                0.46817,                0.27846,                0.80064,             0.00031744,             0.00031744,             0.00031744
                    222,                0.47793,                0.28799,                0.80295,                0.99924,                0.99963,                0.99485,                0.91557,                0.47112,                0.28232,                0.80105,             0.00031239,             0.00031239,             0.00031239
                    223,                 0.4499,                0.28318,                0.80107,                0.99918,                 0.9996,                0.99486,                0.91566,                 0.4696,                0.28377,                0.80077,             0.00030734,             0.00030734,             0.00030734
                    224,                0.49411,                0.30045,                0.80786,                0.99933,                0.99938,                0.99488,                0.91661,                0.46506,                0.27705,                0.79982,             0.00030228,             0.00030228,             0.00030228
                    225,                0.48351,                0.28792,                0.80026,                0.99933,                0.99938,                0.99488,                0.91661,                0.46506,                0.27705,                0.79982,             0.00029723,             0.00029723,             0.00029723
                    226,                0.45231,                0.27385,                0.79884,                 0.9968,                0.99847,                0.99491,                0.91864,                0.45898,                0.27398,                0.79926,             0.00029218,             0.00029218,             0.00029218
                    227,                0.47799,                0.28835,                0.79926,                0.99807,                0.99515,                0.99493,                0.91808,                 0.4541,                0.27445,                0.79917,             0.00028713,             0.00028713,             0.00028713
                    228,                 0.4746,                0.28553,                0.79956,                0.99773,                0.99491,                 0.9949,                0.91782,                0.45596,                0.27571,                0.79906,             0.00028207,             0.00028207,             0.00028207
                    229,                0.47423,                0.28326,                0.79961,                0.99773,                0.99491,                 0.9949,                0.91782,                0.45596,                0.27571,                0.79906,             0.00027702,             0.00027702,             0.00027702
                    230,                0.46661,                0.28452,                0.80267,                 0.9975,                0.99426,                0.99486,                0.91583,                0.46237,                0.27769,                0.79869,             0.00027197,             0.00027197,             0.00027197
                    231,                0.43182,                0.27536,                0.80509,                0.99694,                0.99431,                0.99479,                0.91608,                0.46032,                0.27823,                0.79819,             0.00026692,             0.00026692,             0.00026692
                    232,                0.45068,                0.27295,                0.79442,                  0.997,                0.99426,                0.99475,                0.91788,                 0.4553,                0.27833,                0.79774,             0.00026186,             0.00026186,             0.00026186
                    233,                0.43875,                0.27555,                0.79516,                  0.997,                0.99426,                0.99475,                0.91788,                 0.4553,                0.27833,                0.79774,             0.00025681,             0.00025681,             0.00025681
                    234,                0.46924,                0.28277,                0.80327,                0.99737,                0.99484,                0.99485,                0.91721,                0.45326,                0.27782,                0.79798,             0.00025176,             0.00025176,             0.00025176
                    235,                0.47754,                0.29069,                0.80282,                0.99803,                0.99562,                0.99493,                0.91802,                0.45289,                0.27599,                0.79846,             0.00024671,             0.00024671,             0.00024671
                    236,                0.47051,                0.28027,                0.80476,                0.99891,                0.99929,                0.99493,                0.91838,                0.45338,                0.27174,                0.79835,             0.00024165,             0.00024165,             0.00024165
                    237,                0.48733,                0.28567,                0.80771,                0.99891,                0.99929,                0.99493,                0.91838,                0.45338,                0.27174,                0.79835,              0.0002366,              0.0002366,              0.0002366
                    238,                0.45868,                0.27393,                 0.8033,                0.99949,                0.99962,                0.99493,                0.91921,                0.45545,                0.26866,                0.79803,             0.00023155,             0.00023155,             0.00023155
                    239,                0.46573,                0.27522,                0.79967,                0.99772,                0.99889,                0.99493,                0.91851,                0.45564,                0.26881,                0.79792,              0.0002265,              0.0002265,              0.0002265
                    240,                0.45975,                0.27668,                0.80392,                0.99568,                0.99845,                0.99483,                0.92002,                0.45297,                0.26992,                0.79749,             0.00022144,             0.00022144,             0.00022144
                    241,                0.46983,                0.27849,                0.80132,                0.99568,                0.99845,                0.99483,                0.92002,                0.45297,                0.26992,                0.79749,             0.00021639,             0.00021639,             0.00021639
                    242,                0.46481,                0.27976,                0.80087,                0.99558,                0.99844,                 0.9942,                0.91915,                0.45417,                0.27189,                0.79704,             0.00021134,             0.00021134,             0.00021134
                    243,                0.43589,                0.26445,                  0.796,                0.99558,                0.99844,                0.99409,                0.91949,                0.45479,                0.27254,                0.79688,             0.00020629,             0.00020629,             0.00020629
                    244,                0.47364,                0.29023,                0.79879,                0.99561,                0.99843,                0.99383,                  0.919,                0.45435,                0.27489,                0.79673,             0.00020123,             0.00020123,             0.00020123
                    245,                0.45151,                0.26957,                0.80606,                0.99561,                0.99843,                0.99383,                  0.919,                0.45435,                0.27489,                0.79673,             0.00019618,             0.00019618,             0.00019618
                    246,                0.44693,                0.26868,                0.79594,                0.99564,                0.99842,                 0.9937,                0.91952,                0.45507,                0.27496,                 0.7969,             0.00019113,             0.00019113,             0.00019113
                    247,                0.46607,                0.27411,                0.79615,                0.99566,                0.99841,                0.99397,                0.91962,                0.45611,                0.27322,                0.79713,             0.00018608,             0.00018608,             0.00018608
                    248,                0.45458,                0.26848,                0.79946,                0.99565,                0.99841,                0.99414,                 0.9206,                0.45438,                0.27135,                0.79695,             0.00018102,             0.00018102,             0.00018102
                    249,                0.44306,                0.26246,                0.80213,                0.99565,                0.99841,                0.99414,                 0.9206,                0.45438,                0.27135,                0.79695,             0.00017597,             0.00017597,             0.00017597
                    250,                0.47226,                0.27633,                0.80116,                0.99591,                0.99836,                0.99487,                0.92147,                0.45263,                0.26914,                0.79645,             0.00017092,             0.00017092,             0.00017092
                    251,                0.45146,                0.26914,                0.79394,                0.99905,                0.99919,                0.99493,                0.92145,                0.45287,                0.26756,                0.79611,             0.00016587,             0.00016587,             0.00016587
                    252,                0.45881,                0.27387,                0.80327,                0.99909,                 0.9997,                0.99492,                0.92089,                0.45364,                0.26732,                0.79612,             0.00016081,             0.00016081,             0.00016081
                    253,                0.47572,                0.28434,                0.80359,                0.99909,                 0.9997,                0.99492,                0.92089,                0.45364,                0.26732,                0.79612,             0.00015576,             0.00015576,             0.00015576
                    254,                0.44463,                0.26713,                0.79906,                0.99928,                 0.9997,                0.99492,                0.92143,                0.45425,                0.26725,                0.79624,             0.00015071,             0.00015071,             0.00015071
                    255,                0.44736,                0.26726,                0.79335,                0.99931,                 0.9997,                0.99492,                0.92188,                0.45177,                0.26686,                0.79639,             0.00014566,             0.00014566,             0.00014566
                    256,                0.44296,                 0.2679,                0.80629,                0.99955,                 0.9997,                0.99491,                0.92255,                0.44966,                0.26466,                0.79628,              0.0001406,              0.0001406,              0.0001406
                    257,                0.47059,                0.27716,                0.80021,                0.99955,                 0.9997,                0.99491,                0.92255,                0.44966,                0.26466,                0.79628,             0.00013555,             0.00013555,             0.00013555
                    258,                 0.4661,                0.26943,                0.80222,                0.99958,                 0.9997,                0.99491,                0.92195,                0.44867,                 0.2639,                0.79617,              0.0001305,              0.0001305,              0.0001305
                    259,                0.45416,                 0.2689,                0.80182,                 0.9995,                 0.9997,                0.99491,                0.92207,                0.44641,                0.26271,                0.79616,             0.00012545,             0.00012545,             0.00012545
                    260,                0.43274,                0.25907,                0.79683,                0.99942,                0.99967,                0.99492,                0.92271,                0.44616,                0.26166,                0.79631,             0.00012039,             0.00012039,             0.00012039
                    261,                0.42962,                0.25697,                0.79473,                0.99942,                0.99967,                0.99492,                0.92271,                0.44616,                0.26166,                0.79631,             0.00011534,             0.00011534,             0.00011534
                    262,                 0.4311,                0.25878,                0.79409,                0.99935,                0.99948,                0.99493,                0.92295,                0.44604,                0.26172,                 0.7965,             0.00011029,             0.00011029,             0.00011029
                    263,                0.45391,                0.27677,                0.80052,                0.99936,                 0.9994,                0.99493,                0.92336,                0.44529,                  0.261,                0.79627,             0.00010524,             0.00010524,             0.00010524
                    264,                0.44032,                0.26682,                0.80172,                0.99934,                0.99938,                0.99493,                0.92335,                 0.4456,                0.26236,                0.79619,             0.00010018,             0.00010018,             0.00010018
                    265,                0.45415,                0.26725,                0.79917,                0.99934,                0.99938,                0.99493,                0.92335,                 0.4456,                0.26236,                0.79619,             9.5131e-05,             9.5131e-05,             9.5131e-05
                    266,                0.45384,                0.26639,                 0.7954,                0.99937,                0.99938,                0.99493,                 0.9234,                0.44576,                0.26297,                0.79605,             9.0078e-05,             9.0078e-05,             9.0078e-05
                    267,                0.44628,                0.26145,                0.79692,                0.99944,                0.99939,                0.99493,                0.92383,                0.44563,                0.26262,                0.79629,             8.5026e-05,             8.5026e-05,             8.5026e-05
                    268,                0.45102,                0.26601,                0.79915,                0.99934,                 0.9994,                0.99493,                0.92419,                0.44462,                0.26188,                0.79607,             7.9973e-05,             7.9973e-05,             7.9973e-05
                    269,                0.43818,                 0.2657,                0.80079,                0.99934,                 0.9994,                0.99493,                0.92419,                0.44462,                0.26188,                0.79607,              7.492e-05,              7.492e-05,              7.492e-05
                    270,                0.42665,                0.25622,                0.79388,                0.99935,                0.99944,                0.99494,                0.92412,                0.44347,                0.26128,                0.79587,             6.9868e-05,             6.9868e-05,             6.9868e-05
